precision,recall,f1,roc_auc,pr_auc,model,threshold,train_time_sec,inference_time_sec,n_samples,k,epochs
0.5675675675675675,0.26582278481012656,0.3620689655172414,0.6565053677295305,0.3350830632953081,IsolationForest,0.0,0.3813333511352539,0.020105600357055664,395,,
0.8279569892473119,0.9746835443037974,0.8953488372093024,0.9963547508412114,0.9886594739422716,KMeansDistance,1.005126828676714,3.0667738914489746,0.0,395,6.0,
0.17094017094017094,0.5063291139240507,0.25559105431309903,0.42419083480211506,0.17712568737967638,AutoEncoder,0.00019999999494757503,1.9843194484710693,0.02677178382873535,395,,12.0
